{"cameraMode":{"drawMode":0,"name":"Shaded","section":"Shading Mode"},"sceneLighting":true,"audioPlay":false,"sceneViewState":{"m_AlwaysRefresh":false,"showFog":true,"showSkybox":true,"showFlares":true,"showImageEffects":true,"showParticleSystems":true,"showVisualEffectGraphs":true,"m_FxEnabled":true},"in2DMode":false,"pivot":{"x":2.3847906589508058,"y":4.096378326416016,"z":0.7224114537239075},"rotation":{"x":-0.17449133098125459,"y":0.14390555024147035,"z":-0.025768479332327844,"w":-0.9737586379051209},"size":1.3796648979187012,"orthographic":false}