{"cameraMode":{"drawMode":0,"name":"Shaded","section":"Shading Mode"},"sceneLighting":false,"audioPlay":false,"sceneViewState":{"m_AlwaysRefresh":false,"showFog":true,"showSkybox":false,"showFlares":true,"showImageEffects":true,"showParticleSystems":true,"showVisualEffectGraphs":true,"m_FxEnabled":true},"in2DMode":false,"pivot":{"x":-2.1844661235809328,"y":2.570251941680908,"z":6.235754013061523},"rotation":{"x":-0.023129750043153764,"y":-0.9756997227668762,"z":0.17634980380535127,"w":-0.12807436287403108},"size":1.9613254070281983,"orthographic":false}